Anio,Mes,NDVI,NDWI_agua,NDWI_veg,LST,Lluvia_mm,SPI_3,NRH,NRHF
2018,12,"0,7052166258","0,3607119578","-0,3039006505","24,24436849","8,086698402","-0,3814766852",0,0
2019,1,"0,6231301198","0,19256438","-0,251358948","26,09997172","13,86901986","-1,176725178",0,0
2019,2,"0,6439579828","0,351088427","-0,3663835811","27,51819943","8,212534932","-0,7651585972",0,1
2019,3,"0,5741367872","0,1675057307","-0,3823055505","29,61524301","6,373615521","-0,74539212",1,2
2019,4,"0,5402403784","-0,1100695953","-0,387470043","33,66341337","38,19713958","-0,2405783975",2,2
2019,5,"0,4510012492","-0,132652328","-0,3475657556","34,11350662","212,7274742","0,906578071",2,2
2019,6,"0,5112252866","-0,1820266525","-0,3666733251","12,47551662","93,83149101","-0,0242641084",2,1
2019,7,"0,6181089596","0,1105291635","-0,4487908188","23,79245602","42,75313496","-0,5128020351",1,3
2019,8,"0,6425696297","-0,1036361896","-0,4885203883","32,53846287","52,47514115","-2,031003635",3,1
2019,9,"0,6037325577","-0,2221727312","-0,338196748","29,58490898","179,818184","-1,06269122",1,1
2019,10,"0,5885308499","-0,0276868516","-0,2949503237","28,11012467","133,614108","-0,6544518203",1,0
2019,11,"0,6333341222","0,2987784685","-0,1524573432","27,5544625","23,4321521","-0,3769739703",0,0
2019,12,"0,721613433","0,4000598432","-0,2000467252","25,78098385","7,769382202","-0,6082911029",0,0
2020,1,"0,679629739","0,3014414017","-0,2490953953","24,63480561","6,819760571","-1,331158614",0,1
2020,2,"0,6571548738","0,4646925256","-0,1458875913","29,68348436","7,2522587","-1,888874753",1,1
2020,3,"0,6108911313","0,4340968811","-0,2628148762","30,88635848","10,8515646","-1,344212713",1,1
2020,4,"0,5006257801","0,1056673048","-0,3211085778","33,40236991","11,49585501","-1,406313804",1,2
2020,5,"0,4150862873","-0,03137466632","-0,3245755372","31,41570157","251,0059529","1,102028663",2,0
2020,7,"0,6409734468","0,306088083","-0,2573764091","28,633832","102,2854095","2,330507599",0,1
2020,8,"0,61280042","0,311876519","-0,2662727446","33,37295344","142,4260785","1,515968984",1,0
2020,9,"0,6742554941","0,2961300102","-0,1827712745","22,88231516","210,3877364","0,5568219828",0,1
2020,10,"0,5601802248","0,2864547536","-0,1821725457","29,90611641","393,3160403","1,896266616",1,1
2020,11,"0,3200338387","0,1632521713","-0,1971952057","23,07234888","299,3330238","3,32253517",1,0
2020,12,"0,6592900444","0,3677782568","-0,177594615","23,48135948","10,69845701","3,618513674",0,0
2021,1,"0,6752967797","0,4819670325","-0,1355119569","25,62360766","13,06042883","4,010941759",0,0
2021,2,"0,6985542368","0,5505817581","-0,1445032369","26,18430586","9,290425758","-0,4264711826",0,1
2021,3,"0,6088659688","0,3713294951","-0,1719968454","30,16359599","21,23187578","1,368378024",1,1
2021,4,"0,6014423922","0,3291703774","-0,29232199","34,41401053","94,19234888","1,959451877",1,1
2021,5,"0,6195292448","0,2073867702","-0,2555119547","30,92696984","38,82041228","-0,5946615744",1,1
2021,6,"0,6091045652","0,2508334973","-0,3900448995","19,1249715","156,5601163","-0,7308910398",1,0
2021,7,"0,6394143194","0,1818829187","-0,2348095534","26,9239722","97,80526507","-1,164823829",0,0
2021,8,"0,6407914149","0,2461569774","-0,2370888942","27,95805585","96,90792803","-0,1948111891",0,0
2021,9,"0,7171775699","0,2823352714","-0,2092722449","29,70119237","91,35211063","-0,9456099275",0,0
2021,10,"0,6274517574","0,4176014875","-0,1706967897","19,19834854","105,977258","-1,322394977",0,1
2021,11,"0,6129591284","0,4341292126","-0,150838835","24,95924998","18,67279636","-1,683603692",1,0
2021,12,"0,6413925697","0,1019089154","-0,2039338257","24,2128679","14,50100912","-0,9788186301",0,0
2022,1,"0,6588153191","0,5170896263","-0,1596683311","24,93290305","9,990309977","-1,109565623",0,1
2022,3,"0,63970267","0,2662210364","-0,3866132178","29,33142792","10,27779866","-0,2481198686",1,2
2022,4,"0,5896157328","-0,02265611213","-0,4078314881","30,73276693","62,70334643","0,8768085604",2,1
2022,5,"0,6199763504","-0,1301565894","-0,3980057529","19,87324189","173,1321573","0,7656662436",1,0
2022,7,"0,6647095423","0,2469093258","-0,1984804786","13,53265073","48,46173817","-0,6088179456",0,0
2022,8,"0,6374817377","0,1520686921","-0,1928526639","27,8474619","139,4431204","-0,6257031324",0,0
2022,9,"0,6572520814","0,3143670641","-0,2209699737","24,65113344","237,135275","0,3209635803",0,0
2022,10,"0,6655954379","0,2299497453","-0,2029143537","25,97553897","56,94750753","-0,1017422287",0,0
2022,11,"0,7404798","0,4052450598","-0,1765495314","24,24565371","70,74033147","-0,1223671803",0,0
2022,12,"0,6940174617","0,4405085657","-0,1734336477","24,79281669","6,951189918","-1,048753661",0,0
2023,1,"0,7299322202","0,5221160273","-0,1643864542","23,835905","6,862715814","0,2203707488",0,1
2023,2,"0,6417519308","0,3794815697","-0,3109748188","26,05342486","5,033127907","-2,366138626",1,1
2023,3,"0,6349792759","0,1384115117","-0,4290208042","29,46711638","23,22980322","0,2610081636",1,2
2023,4,"0,5796228042","-0,05524116223","-0,3976599825","31,86081859","60,55841491","1,011366609",2,2
2023,5,"0,6093545732","-0,2385556072","-0,4348775621","33,28374085","135,7883345","0,4136411022",2,1
2023,6,"0,6287065407","0,1120689616","-0,3871746381","22,69153705","117,7521318","-0,4065460668",1,1
2023,7,"0,6528583862","0,03227569389","-0,4571557346","26,36310374","69,50444866","-0,8083217584",1,2
2023,8,"0,7233708277","-0,004634938457","-0,4755446359","30,86298321","91,72874032","-0,9195309381",2,0
2023,9,"0,7094483813","0,2311546926","-0,3521150677","28,95230794","125,469343","-0,9389343771",0,1
2023,10,"0,6791997928","0,2653173955","-0,2332486871","30,19340992","170,8106413","-0,4667249413",1,0
2023,11,"0,6285309755","0,2597920279","-0,2388925499","24,31683215","92,72692516","0,08750118725",0,0
2023,12,"0,6454885959","0,2676648051","-0,2196594429","21,87713389","21,73036764","0,7416141167",0,0
2024,1,"0,7364802394","0,5106916559","-0,1886565547","25,67009816","5,874161026","1,045293799",0,0
2024,2,"0,6805218583","0,4527518446","-0,2802989052","27,62238225","9,860688343","0,05599139507",0,2
2024,3,"0,6106166317","0,2077937518","-0,4354385094","32,29585301","7,388892563","-1,671940406",2,2
2024,4,"0,5680265547","-0,141288625","-0,4387973152","32,58695166","43,24304648","0,0665151362",2,3
2024,5,"0,4062341908","-0,2161527869","-0,3189379952","30,36894609","23,34063035","-2,36813837",3,1
2024,6,"0,5003859193","0,07359066926","-0,001029336078","26,90754053","204,9303159","-0,9818190294",1,0
2024,7,"0,6911568947","0,2157955015","-0,2988769872","25,09763972","136,4080886","-0,3468296482",0,0
2024,8,"0,7031446897","0,2948432946","-0,2523578478","29,30227424","97,60225587","0,5600681303",0,0
2024,9,"0,7286239702","0,3632446749","-0,2486063482","25,74217364","183,2803664","0,2583763134",0,1
2024,10,"0,5745237579","0,1145291203","-0,1674678095","27,93505216","81,05025775","-0,6890222831",1,0
2024,11,"0,6612158922","0,2591033363","-0,1341515447","19,45332424","130,2131074","0,134316353",0,0
2025,1,"0,7518361197","0,4431124267","-0,2326119614","21,17485491","20,75189685","2,130404558",0,0
2025,2,"0,6901089286","0,4400454464","-0,2115292036","24,15438597","11,44821339","2,195657793",0,0
2025,3,"0,6578274522","0,3953453651","-0,3013503424","22,9626782","8,989553894","1,070541558",0,1
2025,4,"0,6083493876","-0,05355645008","-0,2999464622","26,99059715","28,98546162","-0,3839511622",1,3
2025,5,"0,5918492212","-0,07274646626","-0,4154340128","33,37007226","53,41644807","-1,896584301",3,1
2025,6,"0,5947180649","-0,1031947151","-0,3364271982","13,83986705","177,8512259","-1,144096389",1,0
2025,7,"0,6803686422","0,1979678404","-0,3467079847","29,64676242","89,31020338","-0,8369036938",0,1
2025,8,"0,6748328403","-0,01749463054","-0,3793058527","28,05845614","92,36987733","-0,1186708112",1,1
2025,9,"0,6497996602","0,2785417724","-0,3737363075","18,97868639","249,1158287","0,3669612562",1,0
2025,10,"0,6604177363","0,1970670214","-0,2664008849","25,35054752","262,8624114","1,075843421",0,0
2025,11,"0,7208314795","0,3861488779","-0,2051559999","24,35971654","51,19983228","1,390456969",0,0